{
  "pixel_points": [
    [
      266,
      298
    ],
    [
      618,
      339
    ],
    [
      417,
      33
    ],
    [
      649,
      64
    ]
  ],
  "world_points": [
    [
      0.0,
      0.0
    ],
    [
      0.0,
      1.4
    ],
    [
      2.3,
      0.0
    ],
    [
      2.3,
      1.4
    ]
  ],
  "homography": [
    [
      0.000889698845167159,
      -0.007638390085337559,
      2.039580352616129
    ],
    [
      0.00518852350161514,
      0.0029564794292222096,
      -2.261178121337846
    ],
    [
      -0.00027908284443786576,
      0.0016625335847899316,
      0.9999999999999999
    ]
  ],
  "homography_inv": [
    [
      158.9065714584709,
      260.9713562499662,
      265.9999999999999
    ],
    [
      -107.83754939068409,
      34.52034682800933,
      298.0
    ],
    [
      0.22363164552595488,
      0.015441392458885811,
      1.0
    ]
  ],
  "grid_spacing": 0.5,
  "grid_bounds": [
    -0.5,
    3.0,
    -0.5,
    2.0
  ],
  "camera_resolution": [
    1920,
    1080
  ]
}