{
  "homography": [
    [
      0.24614136390026364,
      0.06851103715548293,
      -213.19253388361665
    ],
    [
      0.0002768758166237336,
      -0.2313351946529672,
      449.09147911663115
    ],
    [
      -1.913286471008327e-05,
      0.000331077524246428,
      1.0
    ]
  ],
  "homography_inv": [
    [
      6.54302797649039,
      2.4959296828625743,
      327.95841629388923
    ],
    [
      0.09215523832583469,
      -4.236374647106496,
      1943.8616606660946
    ],
    [
      2.4451545941152854e-05,
      0.0014815669534209881,
      1.0
    ]
  ],
  "marker_positions_cm": {
    "1": [
      0.0,
      0.0
    ],
    "2": [
      0.0,
      148.0
    ],
    "3": [
      130.0,
      0.0
    ],
    "4": [
      257.9035554690513,
      155.05379872281532
    ],
    "5": [
      214.90769230769234,
      296.36490460528296
    ],
    "6": [
      172.40714829443985,
      384.6695124045229
    ],
    "7": [
      59.56413811890397,
      383.58674294228047
    ],
    "8": [
      352.27121475970495,
      96.6094244853995
    ]
  },
  "grid_spacing_cm": 50.0,
  "grid_bounds_cm": [
    0.0,
    400.0,
    0.0,
    400.0
  ],
  "camera_resolution": [
    3264,
    2448
  ],
  "aruco_dict": "DICT_4X4_50"
}