{
  "camera_matrix": [
    [
      1329.6477561844802,
      0.0,
      1643.7168153168186
    ],
    [
      0.0,
      1323.4707197780701,
      1230.4548602636823
    ],
    [
      0.0,
      0.0,
      1.0
    ]
  ],
  "dist_coeffs": [
    [
      0.03550592329563932,
      -0.03251008594803833,
      0.0009350703626556857,
      -0.0009503039494543401,
      0.0037964316988538995
    ]
  ],
  "new_camera_matrix": [
    [
      1235.196806350891,
      0.0,
      1636.4708088264513
    ],
    [
      0.0,
      1231.9865509154126,
      1239.2662564414845
    ],
    [
      0.0,
      0.0,
      1.0
    ]
  ],
  "roi": [
    102,
    101,
    3056,
    2257
  ],
  "resolution": [
    3264,
    2448
  ],
  "reprojection_error": 0.07779444445521254,
  "num_captures": 31
}